ym,tasa_desempleo,tasa_desempleo_h,tasa_desempleo_m,tasa_desempleo_joven,tasa_desempleo_adulto,tasa_desempleo_mayor,tasa_actividad,tasa_actividad_h,tasa_actividad_m,ing_nominal,fuente
200110,9.72,8.88,10.79,15.27,7.87,7.97,65.84,76.69,55.7,777.0,EPE legacy
200111,9.45,8.58,10.57,14.68,7.83,7.63,66.21,77.17,55.98,782.0,EPE legacy
200112,8.86,8.05,9.91,13.86,7.44,6.69,66.86,77.96,56.5,788.0,EPE legacy
200201,9.32,8.23,10.73,14.63,7.61,7.25,67.28,78.57,56.73,787.0,EPE legacy
200202,9.97,8.78,11.5,15.86,8.09,7.34,67.73,79.0,57.19,800.0,EPE legacy
200203,10.62,9.4,12.19,17.11,8.36,8.03,68.24,79.38,57.83,778.0,EPE legacy
200204,10.68,9.27,12.45,17.09,8.34,8.51,68.91,79.56,58.96,,EPE legacy
200205,10.19,9.13,11.53,15.41,8.01,9.3,68.52,78.92,58.8,,EPE legacy
200206,9.88,8.63,11.42,14.37,7.99,9.33,68.39,78.15,59.28,,EPE legacy
200207,8.95,7.85,10.28,13.09,7.35,8.11,68.52,77.9,59.76,,EPE legacy
200208,8.72,7.54,10.13,13.73,6.76,7.77,68.76,77.6,60.51,,EPE legacy
200209,8.52,7.62,9.59,13.83,6.29,7.81,68.71,77.45,60.54,,EPE legacy
200210,8.49,7.54,9.64,14.49,6.07,7.52,68.46,77.56,59.96,752.0,EPE legacy
200211,8.46,7.32,9.85,14.62,6.24,6.87,68.1,77.35,59.47,758.0,EPE legacy
200212,8.65,7.52,10.05,15.19,6.34,6.69,68.47,78.19,59.39,790.0,EPE legacy
200301,9.26,8.04,10.77,15.66,6.77,7.53,69.46,79.24,60.33,,EPE legacy
200302,9.48,8.19,11.05,15.77,7.31,6.84,70.38,80.14,61.26,,EPE legacy
200303,10.03,8.51,11.88,16.17,8.11,7.01,70.3,80.19,61.07,,EPE legacy
200304,9.87,8.41,11.64,15.78,8.2,6.87,68.68,78.15,59.83,798.0,EPE legacy
200305,9.79,8.77,11.04,14.52,8.46,7.61,67.35,77.16,58.18,787.0,EPE legacy
200306,9.27,8.44,10.29,13.67,7.87,7.75,66.75,76.32,57.82,777.0,EPE legacy
200307,8.87,8.27,9.61,13.16,7.66,7.1,66.9,76.35,58.08,780.0,EPE legacy
200308,9.26,8.45,10.28,14.06,7.52,8.08,66.53,76.32,57.39,794.0,EPE legacy
200309,8.97,8.32,9.77,13.37,7.52,7.55,66.13,76.18,56.74,793.0,EPE legacy
200310,9.25,8.68,9.97,14.33,7.54,7.61,66.33,77.11,56.27,780.0,EPE legacy
200311,8.89,8.34,9.57,14.93,6.96,6.82,66.5,76.38,57.27,776.0,EPE legacy
200312,9.4,8.64,10.34,15.75,7.2,7.67,66.41,76.01,57.45,793.0,EPE legacy
200401,10.1,9.18,11.23,16.04,7.8,8.85,66.65,76.09,57.83,809.0,EPE legacy
200402,10.49,9.41,11.83,16.36,8.13,9.23,67.74,77.79,58.35,827.0,EPE legacy
200403,10.64,9.46,12.11,16.8,8.27,8.75,68.85,79.26,59.14,818.0,EPE legacy
200404,10.5,9.26,12.01,17.22,8.15,8.14,68.66,78.37,59.58,819.0,EPE legacy
200405,10.0,8.86,11.4,16.14,8.08,7.44,68.39,77.97,59.43,801.0,EPE legacy
200406,9.46,8.21,10.99,14.69,7.69,7.75,67.82,77.28,58.98,798.0,EPE legacy
200407,8.59,7.36,10.15,13.69,7.08,6.46,67.93,78.32,58.23,801.0,EPE legacy
200408,8.71,7.3,10.5,14.18,7.1,6.34,67.86,78.26,58.14,801.0,EPE legacy
200409,8.89,7.55,10.59,15.18,7.21,5.76,67.39,78.04,57.45,813.0,EPE legacy
200410,9.26,7.66,11.3,15.97,7.32,6.39,67.39,78.06,57.42,805.0,EPE legacy
200411,8.86,7.49,10.6,16.06,6.52,6.56,67.42,77.98,57.55,795.0,EPE legacy
200412,8.74,7.29,10.53,16.49,6.18,6.3,68.07,77.82,58.96,798.0,EPE legacy
200501,10.01,8.4,11.99,18.76,7.28,6.48,67.98,77.72,58.89,806.0,EPE legacy
200502,10.77,9.26,12.62,18.75,8.56,6.67,68.25,77.86,59.28,809.0,EPE legacy
200503,11.31,9.69,13.34,19.04,9.18,7.14,68.24,78.36,58.79,816.0,EPE legacy
200504,10.21,8.87,11.88,16.86,8.31,7.08,68.25,78.25,58.9,821.0,EPE legacy
200505,10.11,8.83,11.7,17.08,7.98,7.3,67.83,77.95,58.38,823.0,EPE legacy
200506,9.66,8.71,10.85,16.53,7.38,7.5,67.09,77.15,57.69,829.0,EPE legacy
200507,9.29,8.48,10.29,15.96,6.84,7.73,66.92,76.79,57.7,846.0,EPE legacy
200508,9.21,7.9,10.84,15.71,6.76,7.73,66.4,76.5,56.96,847.0,EPE legacy
200509,9.29,7.95,10.97,15.69,6.97,7.7,66.56,76.8,57.0,838.0,EPE legacy
200510,9.08,7.97,10.47,15.23,7.03,7.1,66.11,76.39,56.51,819.0,EPE legacy
200511,8.61,7.48,10.03,14.45,6.6,6.92,66.41,76.55,56.94,813.0,EPE legacy
200512,8.03,6.85,9.51,13.22,6.41,6.1,66.42,76.42,57.09,826.0,EPE legacy
200601,8.87,7.42,10.68,15.2,6.89,6.3,66.62,76.57,57.34,831.0,EPE legacy
200602,8.97,7.74,10.51,16.01,6.82,5.83,66.8,76.93,57.34,836.0,EPE legacy
200603,9.01,7.78,10.57,15.69,6.93,6.07,67.07,77.33,57.49,826.0,EPE legacy
200604,8.71,7.18,10.59,14.19,7.11,6.2,67.38,77.21,58.19,843.0,EPE legacy
200605,8.84,7.26,10.81,14.11,7.55,6.21,66.5,76.2,57.43,856.0,EPE legacy
200606,8.94,7.39,10.85,15.41,7.18,6.23,66.09,75.54,57.27,864.0,EPE legacy
200607,8.52,7.51,9.75,15.46,6.56,5.9,65.81,75.04,57.19,855.0,EPE legacy
200608,8.44,7.54,9.53,14.06,6.94,5.99,66.36,75.4,57.92,856.0,EPE legacy
200609,8.49,7.75,9.38,14.25,7.06,5.83,66.86,75.86,58.47,871.0,EPE legacy
200610,8.12,6.98,9.49,13.34,6.82,5.63,67.99,76.87,59.69,863.0,EPE legacy
200611,7.94,6.83,9.26,14.19,5.98,5.68,68.9,77.24,61.11,874.0,EPE legacy
200612,7.44,5.79,9.43,14.07,5.55,4.49,69.8,78.94,61.27,894.0,EPE legacy
200701,8.96,7.74,10.46,16.57,7.04,4.74,70.1,79.83,61.01,882.0,EPE legacy
200702,9.49,7.89,11.44,16.13,7.84,5.53,70.5,80.3,61.34,870.0,EPE legacy
200703,9.75,8.67,11.09,16.5,7.85,6.3,70.15,80.15,60.8,889.0,EPE legacy
200704,9.02,7.43,10.98,14.79,7.33,6.35,69.34,79.28,60.06,870.0,EPE legacy
200705,8.53,7.46,9.87,14.7,6.76,5.94,68.85,79.25,59.14,876.0,EPE legacy
200706,8.29,7.03,9.86,13.61,6.8,5.96,68.94,79.06,59.49,865.0,EPE legacy
200707,7.93,6.88,9.22,12.78,6.26,6.55,69.45,79.03,60.51,877.0,EPE legacy
200708,7.92,6.49,9.66,12.92,6.11,6.52,68.98,78.56,60.04,879.0,EPE legacy
200709,8.16,6.86,9.75,14.2,6.09,6.25,68.54,78.17,59.54,885.0,EPE legacy
200710,7.93,6.49,9.71,14.31,5.97,5.53,68.1,78.09,58.77,889.0,EPE legacy
200711,7.93,6.76,9.38,13.7,5.93,6.42,67.38,77.5,57.93,908.0,EPE legacy
200712,7.45,6.44,8.7,12.97,5.4,6.3,67.8,77.57,58.68,914.0,EPE legacy
200801,8.1,6.69,9.84,14.48,5.64,6.68,67.74,77.42,58.69,937.0,EPE legacy
200802,8.96,7.08,11.29,16.61,6.24,6.47,68.54,78.53,59.22,954.0,EPE legacy
200803,9.29,7.14,11.93,17.19,6.48,6.72,69.15,78.84,60.1,991.0,EPE legacy
200804,9.0,7.1,11.31,16.13,6.57,6.54,69.32,78.89,60.38,1004.0,EPE legacy
200805,8.1,6.43,10.13,13.85,6.36,5.88,69.07,78.35,60.41,1000.0,EPE legacy
200806,7.9,6.14,10.06,13.76,6.22,5.54,68.79,78.45,59.76,999.0,EPE legacy
200807,8.12,6.33,10.29,14.76,6.05,5.76,68.93,78.43,60.07,1009.0,EPE legacy
200808,8.38,6.53,10.65,16.47,5.71,5.75,68.57,78.33,59.46,1013.0,EPE legacy
200809,8.52,6.33,11.24,16.65,5.82,5.82,67.71,77.6,58.46,1002.0,EPE legacy
200810,7.91,5.83,10.52,15.7,5.54,4.78,67.22,77.45,57.65,997.0,EPE legacy
200811,7.66,6.0,9.72,14.92,5.76,4.23,67.31,77.2,58.07,1015.0,EPE legacy
200812,7.78,6.32,9.61,15.69,5.77,4.03,66.67,76.66,57.34,1028.0,EPE legacy
200901,8.81,7.46,10.48,17.67,6.62,4.39,66.57,76.18,57.59,1046.0,EPE legacy
200902,9.31,7.75,11.21,19.0,6.44,5.32,67.08,76.41,58.37,1069.0,EPE legacy
200903,9.31,7.82,11.11,18.21,6.92,5.09,68.12,77.09,59.75,1060.0,EPE legacy
200904,8.77,6.89,11.0,17.57,6.36,5.05,68.93,77.66,60.78,1050.0,EPE legacy
200905,8.46,6.23,11.08,16.63,6.56,4.48,68.74,77.0,61.03,1049.0,EPE legacy
200906,8.5,6.41,10.99,17.35,6.38,4.41,68.38,77.07,60.27,1055.0,EPE legacy
200907,8.2,6.22,10.58,15.94,6.21,5.01,67.77,76.51,59.61,1059.0,EPE legacy
200908,8.3,6.84,10.07,16.16,5.96,5.71,67.47,76.44,59.08,1073.0,EPE legacy
200909,7.83,6.44,9.51,14.88,5.57,5.87,67.2,76.15,58.83,1113.0,EPE legacy
200910,7.63,6.39,9.13,14.67,5.44,5.54,67.74,76.8,59.28,1112.0,EPE legacy
200911,7.22,5.69,9.07,14.97,5.07,4.32,68.47,77.45,60.09,1102.0,EPE legacy
200912,7.91,6.26,9.86,16.29,5.51,4.57,70.01,78.5,62.08,1100.0,EPE legacy
201001,8.61,6.92,10.63,17.67,5.97,4.62,70.82,79.91,62.33,1119.0,EPE legacy
201002,9.59,7.97,11.53,18.09,6.94,5.53,71.81,81.34,62.92,1114.0,EPE legacy
201003,9.18,7.59,11.1,17.32,6.8,5.03,71.6,81.09,62.72,1108.0,EPE legacy
201004,9.0,7.7,10.56,16.18,7.32,4.72,70.95,80.11,62.4,1092.0,EPE legacy
201005,7.74,6.58,9.11,14.24,6.31,4.05,70.17,79.07,61.85,1063.0,EPE legacy
201006,7.59,6.34,9.09,14.18,6.3,3.95,69.32,78.2,61.03,1070.0,EPE legacy
201007,7.04,5.71,8.62,13.8,5.42,3.99,68.98,77.32,61.19,1063.0,EPE legacy
201008,7.4,5.85,9.22,14.81,5.82,3.73,69.47,77.52,61.95,1085.0,EPE legacy
201009,7.64,6.26,9.26,15.84,5.72,3.8,69.65,77.92,61.92,1049.0,EPE legacy
201010,7.86,6.36,9.63,16.78,5.86,3.32,70.1,78.62,62.15,1084.0,EPE legacy
201011,7.59,5.85,9.66,16.02,5.77,3.07,69.71,78.47,61.53,1121.0,EPE legacy
201012,7.16,5.6,9.03,15.31,5.19,3.08,69.62,78.74,61.09,1124.0,EPE legacy
201101,7.68,5.9,9.86,17.46,5.04,3.28,69.27,78.87,60.29,1151.0,EPE legacy
201102,9.12,7.07,11.59,20.37,4.73,6.51,70.62,79.98,61.88,1152.0,EPE legacy
201103,9.39,7.38,11.83,20.29,5.48,5.96,71.23,81.04,62.07,1174.0,EPE legacy
201104,8.81,6.85,11.16,17.78,5.74,6.04,71.34,80.54,62.76,1161.0,EPE legacy
201105,7.35,6.04,8.95,14.37,5.99,3.3,69.82,79.34,60.92,1159.0,EPE legacy
201106,7.3,5.7,9.23,14.39,5.65,4.0,69.01,78.19,60.44,1192.0,EPE legacy
201107,6.97,5.39,8.87,13.65,5.13,4.4,69.24,78.3,60.77,1204.0,EPE legacy
201108,7.02,5.18,9.22,13.61,5.27,4.3,69.18,78.14,60.81,1231.0,EPE legacy
201109,7.31,5.36,9.63,14.18,5.51,4.35,69.72,78.6,61.43,1237.0,EPE legacy
201110,7.32,5.04,10.05,14.97,5.56,3.62,69.45,78.42,61.07,1276.0,EPE legacy
201111,7.05,4.71,9.83,14.76,4.99,4.01,69.25,77.95,61.13,1291.0,EPE legacy
201112,6.99,4.75,9.62,15.5,4.65,3.52,69.85,78.19,62.06,1285.0,EPE legacy
201201,7.75,5.87,9.97,15.73,5.69,4.05,69.81,78.06,62.1,1300.0,EPE legacy
201202,8.31,6.31,10.67,17.01,6.08,3.86,70.15,78.49,62.36,1302.0,EPE legacy
201203,8.66,6.84,10.81,16.63,6.63,4.77,69.87,78.41,61.89,1340.0,EPE legacy
201204,8.05,6.3,10.17,15.68,6.27,4.25,69.54,78.71,60.98,1318.0,EPE legacy
201205,7.22,5.92,8.79,13.9,5.68,4.03,69.29,78.44,60.75,1300.0,EPE legacy
201206,6.29,5.02,7.82,12.23,4.84,3.73,68.52,77.71,59.95,1300.0,EPE legacy
201207,6.21,4.95,7.72,12.38,4.62,3.57,69.12,78.16,60.67,1312.0,EPE legacy
201208,6.66,5.38,8.21,13.08,5.18,3.71,68.78,78.08,60.08,1344.0,EPE legacy
201209,6.6,5.23,8.26,13.01,5.24,3.35,69.13,78.24,60.63,1331.0,EPE legacy
201210,6.22,4.92,7.81,12.59,4.73,3.31,68.58,77.84,59.93,1329.0,EPE legacy
201211,5.91,4.72,7.35,12.67,4.12,3.19,69.12,78.13,60.71,1343.0,EPE legacy
201212,5.64,4.37,7.18,11.99,4.04,2.76,68.99,78.45,60.16,1342.0,EPE legacy
201301,6.13,4.85,7.69,13.55,4.16,2.91,68.63,78.0,59.87,1360.0,EPE legacy
201302,6.4,4.86,8.31,13.86,4.4,2.95,68.85,78.74,59.62,1356.0,EPE legacy
201303,6.39,5.03,8.04,14.01,4.28,3.05,69.02,78.27,60.39,1386.0,EPE legacy
201304,5.61,4.52,6.93,11.92,4.0,2.83,69.31,78.26,60.95,1386.0,EPE legacy
201305,5.67,4.38,7.21,11.85,4.39,2.43,68.86,77.78,60.53,1383.0,EPE legacy
201306,5.78,4.33,7.51,12.32,4.48,2.44,68.7,77.66,60.33,1376.0,EPE legacy
201307,6.03,4.79,7.53,13.19,4.64,2.23,69.18,78.4,60.57,1380.0,EPE legacy
201308,5.56,5.01,6.23,12.2,4.08,2.69,68.73,77.67,60.37,1408.0,EPE legacy
201309,5.94,5.57,6.39,13.26,4.31,2.75,68.87,77.84,60.5,1430.0,EPE legacy
201310,5.77,4.97,6.72,12.9,3.95,3.1,68.81,77.72,60.5,1435.0,EPE legacy
201311,5.77,4.67,7.07,13.64,3.77,2.86,69.04,77.63,61.02,1445.0,EPE legacy
201312,5.68,4.71,6.84,14.05,3.62,2.36,69.15,77.64,61.21,1434.0,EPE legacy
201401,6.37,5.45,7.46,15.09,4.13,3.01,68.63,77.14,60.68,1465.0,EPE legacy
201402,6.98,5.94,8.22,15.66,4.77,3.14,69.59,78.53,61.25,1451.0,EPE legacy
201403,6.95,5.85,8.28,14.52,4.92,3.73,69.6,79.1,60.74,1462.0,EPE legacy
201404,6.28,5.51,7.22,13.58,4.58,2.96,69.2,78.54,60.48,1449.0,EPE legacy
201405,5.8,5.0,6.77,12.77,4.36,2.73,68.08,77.37,59.41,1451.0,EPE legacy
201406,5.67,5.09,6.39,12.53,4.27,2.72,67.96,77.17,59.37,1475.0,EPE legacy
201407,5.73,5.02,6.61,13.7,4.06,2.46,67.94,77.26,59.24,1499.0,EPE legacy
201408,5.9,5.2,6.74,13.87,4.12,2.68,68.22,77.3,59.74,1520.0,EPE legacy
201409,5.61,4.51,6.93,14.18,3.72,2.25,67.61,76.4,59.4,1527.0,EPE legacy
201410,5.69,4.91,6.62,13.52,4.06,2.38,68.16,76.54,60.34,1543.0,EPE legacy
201411,5.42,4.8,6.16,13.52,3.67,2.05,68.4,76.72,60.64,1547.0,EPE legacy
201412,5.56,5.0,6.22,14.07,3.65,2.24,68.39,76.55,60.76,1551.0,EPE legacy
201501,6.35,5.37,7.52,15.29,4.49,2.11,67.98,76.46,60.07,1578.0,EPE legacy
201502,6.89,5.73,8.26,16.22,4.95,2.17,68.14,76.44,60.38,1594.0,EPE legacy
201503,7.03,5.69,8.6,15.36,5.51,2.24,68.46,76.74,60.73,1609.0,EPE legacy
201504,6.81,5.45,8.4,14.94,5.21,2.64,68.31,76.29,60.86,1572.0,EPE legacy
201505,6.98,5.57,8.64,15.57,5.4,2.68,68.0,76.4,60.15,1560.0,EPE legacy
201506,6.82,5.52,8.36,16.14,4.96,2.62,67.85,75.99,60.26,1537.0,EPE legacy
201507,6.44,5.12,8.01,15.08,4.62,2.74,67.97,76.65,59.86,1525.0,EPE legacy
201508,6.14,4.7,7.86,14.05,4.5,2.75,67.73,76.15,59.87,1541.0,EPE legacy
201509,6.44,5.26,7.85,14.5,4.92,2.63,67.7,76.38,59.59,1560.0,EPE legacy
201510,5.83,5.04,6.76,13.2,4.52,2.19,68.19,76.55,60.39,1579.0,EPE legacy
201511,5.76,5.17,6.46,13.04,4.53,1.91,68.87,77.24,61.06,1611.0,EPE legacy
201512,5.69,5.09,6.41,13.36,4.22,1.88,69.0,77.8,60.78,1602.0,EPE legacy
201601,6.59,5.58,7.81,15.68,4.72,2.2,68.63,77.88,59.99,1636.0,EPE legacy
201602,6.9,5.98,8.02,16.23,4.78,2.65,68.86,78.4,59.94,1636.0,EPE legacy
201603,7.22,6.12,8.57,15.67,5.51,2.87,68.99,78.48,60.13,1655.0,EPE legacy
201604,6.98,6.17,7.96,15.1,5.42,2.68,69.39,78.45,60.94,1651.0,EPE legacy
201605,7.11,6.12,8.29,15.53,5.66,2.43,68.73,77.76,60.3,1614.0,EPE legacy
201606,6.98,6.19,7.92,16.03,5.09,2.85,68.34,77.25,60.02,1633.0,EPE legacy
201607,7.1,6.62,7.68,17.27,4.97,2.61,68.03,77.13,59.52,1633.0,EPE legacy
201608,6.81,6.43,7.27,16.31,4.79,2.71,67.81,76.9,59.32,1653.0,EPE legacy
201609,6.51,6.2,6.88,15.45,4.75,2.19,67.52,76.52,59.12,1645.0,EPE legacy
201610,6.2,5.65,6.85,14.55,4.48,2.5,67.87,76.46,59.84,1697.0,EPE legacy
201611,5.84,5.44,6.3,14.29,3.97,2.46,68.04,76.38,60.25,1732.0,EPE legacy
201612,6.24,5.75,6.83,15.96,3.99,2.49,68.95,77.33,61.13,1715.0,EPE legacy
201701,7.2,6.54,7.98,17.77,4.52,3.05,69.02,77.95,60.69,1680.0,EPE legacy
201702,7.74,7.06,8.56,18.48,4.96,3.53,68.96,78.31,60.24,1652.0,EPE legacy
201703,7.73,7.06,8.55,18.58,4.95,3.43,68.59,77.82,60.0,1674.0,EPE legacy
201704,6.82,6.15,7.63,16.16,4.65,2.93,68.5,77.46,60.16,1642.0,EPE legacy
201705,6.6,5.97,7.36,16.06,4.52,2.77,67.96,76.96,59.59,1634.0,EPE legacy
201706,6.93,6.19,7.82,15.7,5.07,3.17,68.16,77.31,59.65,1636.0,EPE legacy
201707,7.06,6.12,8.18,15.99,5.2,3.22,68.35,77.21,60.12,1673.0,EPE legacy
201708,6.68,5.9,7.57,15.22,4.85,2.91,69.05,77.15,61.52,1681.0,EPE legacy
201709,6.43,5.48,7.52,14.59,4.75,2.92,68.7,76.38,61.56,1653.0,EPE legacy
201710,6.2,5.74,6.74,14.26,4.55,2.92,68.14,76.18,60.68,1660.0,EPE legacy
201711,6.56,6.04,7.17,14.9,5.07,2.95,67.99,76.09,60.48,1696.0,EPE legacy
201712,6.45,5.95,7.04,15.02,4.78,3.01,68.6,76.7,61.09,1708.0,EPE legacy
201801,7.3,6.76,7.93,18.5,4.65,3.25,68.44,76.73,60.77,1704.0,EPE legacy
201802,8.03,7.03,9.2,19.57,5.13,3.71,68.58,77.25,60.55,1675.0,EPE legacy
201803,8.06,7.13,9.16,19.39,5.5,3.41,68.1,76.66,60.19,1687.0,EPE legacy
201804,7.33,5.93,8.95,15.64,6.02,3.13,68.24,76.42,60.67,1680.0,EPE legacy
201805,6.64,5.44,8.02,13.87,5.73,2.88,67.69,75.75,60.24,1650.0,EPE legacy
201806,6.22,4.88,7.82,12.97,5.34,2.98,67.37,76.16,59.24,1652.0,EPE legacy
201807,6.17,4.88,7.69,13.5,5.02,2.93,67.72,76.38,59.72,1671.0,EPE legacy
201808,6.08,4.61,7.82,14.2,4.65,2.79,67.95,76.48,60.08,1721.0,EPE legacy
201809,6.18,5.09,7.46,14.54,4.63,3.03,67.87,76.24,60.16,1701.0,EPE legacy
201810,6.43,5.73,7.25,16.33,4.35,3.33,67.62,76.36,59.55,1705.0,EPE legacy
201811,6.25,6.01,6.52,14.79,4.41,3.63,68.29,76.72,60.53,1686.0,EPE legacy
201812,6.13,5.55,6.79,15.07,4.29,3.23,68.52,76.65,61.04,1702.0,EPE legacy
201901,6.48,5.81,7.25,14.78,4.98,3.24,68.04,76.32,60.42,1674.0,EPE legacy
201902,7.56,6.51,8.8,17.92,5.43,3.88,67.66,76.54,59.5,1692.0,EPE legacy
201903,8.16,6.76,9.81,18.97,6.03,4.07,67.66,76.49,59.55,1716.0,EPE legacy
201904,7.33,5.62,9.35,18.36,5.21,3.6,67.56,76.24,59.59,1736.0,EPE legacy
201905,6.71,5.35,8.28,17.22,5.14,2.82,66.98,75.08,59.54,1723.0,EPE legacy
201906,6.31,5.29,7.49,15.24,5.2,2.77,67.02,75.42,59.32,1702.0,EPE legacy
201907,6.0,5.48,6.61,13.13,5.31,2.88,66.88,74.74,59.67,1699.0,EPE legacy
201908,5.83,4.99,6.8,12.89,5.1,2.78,67.0,75.16,59.52,1717.0,EPE legacy
201909,5.75,4.79,6.85,14.21,4.6,2.56,66.81,74.73,59.55,1743.0,EPE legacy
201910,6.42,5.16,7.88,16.87,5.02,2.49,67.27,75.58,59.65,1761.0,EPE legacy
201911,6.33,5.17,7.66,16.34,4.97,2.59,67.54,75.67,60.09,1767.0,EPE legacy
201912,6.1,5.02,7.33,15.8,4.62,2.73,68.02,75.82,60.88,1782.0,EPE legacy
202001,6.34,4.92,7.97,15.96,4.66,2.92,68.41,76.48,61.02,1798.0,EPE legacy
202002,7.07,5.4,9.01,17.63,5.14,3.35,68.34,77.0,60.42,1803.0,EPE legacy
202003,7.77,6.57,9.2,17.76,6.25,3.63,66.39,75.75,57.84,1731.0,EPE legacy
202004,8.98,8.5,9.57,18.83,8.19,4.27,50.92,58.49,44.01,1671.0,EPE legacy
202005,13.12,13.72,12.39,24.35,13.09,6.54,37.17,42.99,31.85,1584.0,EPE legacy
202006,16.28,16.08,16.53,33.38,16.28,7.58,33.22,39.06,27.88,1532.0,EPE legacy
202007,16.37,16.26,16.52,32.6,15.23,9.36,44.37,52.1,37.31,1505.0,EPE legacy
202008,15.57,14.96,16.34,31.74,14.2,9.11,54.0,63.23,45.58,1550.0,EPE legacy
202009,16.53,16.0,17.22,32.61,14.47,11.3,56.66,67.19,47.06,1517.0,EPE legacy
202010,16.43,15.53,17.57,31.48,14.81,10.73,58.39,68.38,49.28,1498.0,EPE legacy
202011,15.13,13.86,16.71,27.54,13.22,10.74,61.43,71.43,52.31,1509.0,EPE legacy
202012,13.84,12.27,15.74,25.55,12.06,9.25,63.56,72.93,55.01,1557.0,EPE legacy
202101,13.01,11.13,15.29,24.51,11.1,8.76,64.08,73.64,55.37,1572.0,EPE legacy
202102,14.49,12.61,16.8,27.8,12.79,8.82,62.13,71.92,53.22,1534.0,EPE legacy
202103,15.28,13.15,17.94,29.0,13.74,9.22,60.9,70.95,51.74,1549.0,EPE legacy
202104,15.11,12.89,17.85,29.26,13.74,8.57,60.6,70.21,51.86,1554.0,EPE legacy
202105,12.03,9.99,14.49,24.97,10.24,7.18,62.67,71.9,54.28,1557.0,EPE legacy
202106,10.32,8.29,12.75,21.57,8.47,6.65,63.73,72.73,55.53,1567.0,EPE legacy
202107,9.39,7.3,11.92,19.34,7.48,6.63,64.26,73.88,55.5,1589.0,EPE legacy
202108,9.54,7.79,11.66,18.54,8.01,6.78,64.02,73.72,55.2,1601.0,EPE legacy
202109,9.97,8.26,12.0,19.92,8.42,6.92,64.39,73.33,56.25,1608.0,EPE legacy
202110,9.6,8.14,11.28,19.02,8.18,6.72,64.86,72.91,57.55,1600.0,EPE legacy
202111,9.09,7.55,10.86,17.24,7.95,6.36,65.78,73.71,58.58,1588.0,EPE legacy
202112,7.83,6.64,9.22,14.7,6.74,5.58,66.11,74.76,58.25,1615.0,EPE legacy
202201,8.62,6.79,10.79,15.48,7.88,5.68,65.97,75.25,57.53,1639.0,EPE legacy
202202,8.9,6.73,11.49,16.4,8.34,5.35,66.32,75.78,57.73,1650.0,EPE legacy
202203,9.41,6.79,12.49,16.88,9.06,5.59,67.21,76.25,59.01,1647.0,EPE legacy
202204,8.26,6.25,10.59,15.63,7.47,5.42,68.05,76.72,60.19,1633.0,EPE legacy
202205,7.21,5.58,9.1,14.32,6.03,5.14,68.03,76.85,60.04,1668.0,EPE legacy
202206,6.78,5.45,8.31,14.04,5.21,5.35,67.24,75.95,59.34,1667.0,EPE legacy
202207,6.83,5.49,8.39,14.28,5.39,5.14,66.8,75.55,58.86,1683.0,EPE legacy
202208,7.32,6.0,8.86,14.04,5.93,6.02,66.26,74.92,58.42,1700.0,EPE legacy
202209,7.67,6.09,9.53,14.99,6.25,6.27,65.86,74.77,57.8,1745.0,EPE legacy
202210,7.17,5.82,8.76,14.88,5.59,5.93,65.42,74.65,57.07,1770.0,EPEN moderno
202211,7.62,5.76,9.79,15.9,5.73,6.67,66.01,74.81,58.05,1776.0,EPEN moderno
202212,7.11,5.72,8.73,16.39,5.29,5.62,66.11,74.9,58.15,1800.0,EPEN moderno
202301,8.01,6.63,9.57,17.74,5.83,6.4,66.64,74.42,59.6,1803.0,EPEN moderno
202302,7.33,6.29,8.5,16.21,5.71,5.31,66.04,73.52,59.28,1833.0,EPEN moderno
202303,7.48,6.41,8.7,15.66,5.88,5.62,66.21,73.96,59.21,1841.0,EPEN moderno
202304,7.07,6.05,8.24,14.32,5.87,5.35,66.51,74.69,59.12,1873.0,EPEN moderno
202305,6.78,6.03,7.65,14.53,5.62,4.93,65.74,74.54,57.8,1905.0,EPEN moderno
202306,6.55,6.04,7.14,13.85,5.6,4.78,66.04,74.32,58.56,1925.0,EPEN moderno
202307,6.26,5.71,6.91,13.24,5.29,4.71,65.71,74.45,57.83,1937.0,EPEN moderno
202308,6.64,6.04,7.32,13.21,5.73,5.16,65.78,74.24,58.15,1951.0,EPEN moderno
202309,6.73,5.77,7.85,13.34,5.85,5.27,65.41,74.0,57.66,1943.0,EPEN moderno
202310,6.55,5.77,7.45,13.52,5.82,4.81,65.31,73.42,57.99,1955.0,EPEN moderno
202311,6.56,5.11,8.19,12.99,5.32,5.71,65.89,73.4,59.12,1916.0,EPEN moderno
202312,6.39,5.17,7.76,13.98,4.94,5.41,65.9,73.74,58.83,1928.0,EPEN moderno
202401,7.18,5.94,8.59,15.9,5.55,5.72,65.94,74.07,58.61,1926.0,EPEN moderno
202402,7.29,6.5,8.21,16.1,5.85,5.47,66.14,74.76,58.39,1982.0,EPEN moderno
202403,7.71,6.83,8.71,15.48,6.21,6.24,66.68,75.26,58.96,1979.0,EPEN moderno
202404,7.69,6.74,8.77,14.41,6.27,6.71,66.96,75.19,59.56,2006.0,EPEN moderno
202405,7.22,6.36,8.18,14.73,6.06,5.76,66.42,74.42,59.22,2007.0,EPEN moderno
202406,6.64,6.04,7.3,14.3,5.61,5.03,66.51,73.9,59.86,1991.0,EPEN moderno
202407,5.96,5.22,6.79,13.3,4.72,4.87,66.0,73.74,59.03,1998.0,EPEN moderno
202408,6.07,5.47,6.75,13.17,4.66,5.25,65.76,74.65,57.76,2007.0,EPEN moderno
202409,5.93,4.98,7.06,14.55,4.46,4.77,65.38,74.75,56.96,2055.0,EPEN moderno
202410,5.75,5.18,6.42,14.42,4.38,4.44,65.55,75.19,56.9,2075.0,EPEN moderno
202411,5.67,4.79,6.68,13.97,4.6,4.12,65.99,74.78,58.09,2067.0,EPEN moderno
202412,5.53,4.99,6.15,12.84,4.76,4.03,65.56,74.5,57.54,2114.0,EPEN moderno
202501,6.15,5.54,6.87,16.14,5.01,4.09,64.69,73.63,56.66,2126.0,EPEN moderno
202502,6.3,5.39,7.36,17.09,5.0,4.08,64.56,73.59,56.46,2134.0,EPEN moderno
202503,6.56,5.29,8.03,16.45,5.36,4.52,64.42,73.43,56.34,2114.0,EPEN moderno
202504,6.06,4.46,7.87,13.68,5.5,4.22,64.99,73.4,57.52,2100.0,EPEN moderno
202505,5.59,4.83,6.48,12.61,5.11,3.95,64.09,73.36,55.79,2155.0,EPEN moderno
202506,6.37,5.6,7.29,16.93,4.72,5.0,64.07,73.36,55.74,2172.0,EPEN moderno
202507,6.06,5.52,6.69,16.36,4.35,4.86,64.6,73.91,56.26,2212.0,EPEN moderno
202508,5.99,5.37,6.72,15.6,4.18,5.13,65.03,74.5,56.55,2250.0,EPEN moderno
202509,5.75,4.24,7.51,13.94,4.64,4.54,65.26,74.32,57.16,2294.0,EPEN moderno
202510,5.94,4.5,7.6,16.22,4.66,4.32,65.71,74.77,57.61,2311.0,EPEN moderno
202511,5.93,4.61,7.42,16.38,4.61,4.36,66.39,74.79,58.87,2243.0,EPEN moderno
202512,4.99,5.02,4.95,13.94,3.95,3.54,66.48,75.91,58.04,2291.0,EPEN moderno
202604,5.32,4.14,6.67,11.28,4.21,4.76,65.6,74.43,57.71,2257.0,EPEN moderno
202605,4.98,3.56,6.6,11.01,3.87,4.49,65.47,73.99,57.86,2317.0,EPEN moderno
202606,4.91,3.75,6.25,9.41,3.63,5.1,65.38,74.09,57.61,2344.0,EPEN moderno
